Target,Prediction
0.0036966302,-0.057783093
0.0022621583,-0.053036034
0.0008128146,-0.054596033
-0.0006512051,-0.0600646
-0.002129702,-0.06251581
-0.0036224744,-0.057294566
-0.005129318,-0.048007175
-0.0066500264,-0.05558045
-0.008184389,-0.050609168
-0.009732193,-0.061402477
